<?xml version="1.0"?>
<catalog>
   <book id="bk201">
      <author>David, Bechkam</author>
      <title>Legend created</title>
      <genre>Football</genre>
      <price>44.90</price>
      <publish_date>2012-11-01</publish_date>
      <description>A story about a 
	footballer.</description>
   </book>
   <book id="bk202">
      <author>Micheal, Jackson</author>
      <title>A singers life</title>
      <genre>Music</genre>
      <price>52.95</price>
      <publish_date>2016-12-26</publish_date>
      <description>How did he become 
	succesfull.</description>
   </book>
   <book id="bk203">
      <author>Micheal, Shumacher</author>
      <title>Race like a king</title>
      <genre>Sports</genre>
      <price>5.89</price>
      <publish_date>2000-10-15</publish_date>
      <description>Struggle of a man to become succesfull in racing 
	industry.</description>
   </book>
   <book id="bk204">
      <author>John, Cena</author>
      <title>FIght for life</title>
      <genre>Sports</genre>
      <price>5.95</price>
      <publish_date>2001-02-10</publish_date>
      <description> life 
      journey.</description>
   </book>
   <book id="bk205">
      <author>John, Wayne</author>
      <title>The Sundered Grail</title>
      <genre>Horror</genre>
      <price>15.95</price>
      <publish_date>2001-09-20</publish_date>
      <description>a different type of
      place.</description>
   </book>
   <book id="bk206">
      <author>Johny, Orton</author>
      <title>Locker room</title>
      <genre>Horror</genre>
      <price>42.95</price>
      <publish_date>2000-10-02</publish_date>
      <description>when a girl got stucked in 
      a locker room.</description>
   </book>
   <book id="bk207">
      <author>Thurman, braham</author>
      <title>love story</title>
      <genre>Romance</genre>
      <price>45.95</price>
      <publish_date>2000-11-02</publish_date>
      <description>A love story between two 
      disabled.</description>
   </book>
   <book id="bk208">
      <author>Knorr, Jacob</author>
      <title>The Cobler</title>
      <genre>Work</genre>
      <price>24.95</price>
      <publish_date>2000-22-06</publish_date>
      <description>Story about a 
      cobler.</description>
   </book>
   <book id="bk209">
      <author>Parker, Peter</author>
      <title>Lost Lost</title>
      <genre>Science Fiction</genre>
      <price>62.95</price>
      <publish_date>2000-12-02</publish_date>
      <description>After an inadvertant trip through a Heisenberg
      Uncertainty Device, James Salway discovers the problems 
      of being quantum.</description>
   </book>
   <book id="bk210">
      <author>Brian, Tim</author>
      <title>Holly Molly</title>
      <genre>Science</genre>
      <price>36.95</price>
      <publish_date>2000-12-11</publish_date>
      <description>creation of a new  
      software.</description>
   </book>
   <book id="bk211">
      <author>O'Brien, connor</author>
      <title>MSXML3: A Comprehensive Guide</title>
      <genre>Computer</genre>
      <price>36.95</price>
      <publish_date>2000-12-01</publish_date>
      <description>The Microsoft MSXML3 parser is covered in 
      detail, with attention to XML DOM interfaces, XSLT processing, 
      SAX and more.</description>
   </book>
   <book id="bk212">
      <author>Galos, Luke</author>
      <title>Lost world</title>
      <genre>Science Fiction</genre>
      <price>49.95</price>
      <publish_date>2001-04-16</publish_date>
      <description>A family crashed in an
      island.</description>
   </book>
</catalog>